wordBook,expression,reading,sourceTerm,sourceLanguage,isWasei,isPartial
N5,グラム,グラム,gram,eng,false,false
N5,アパート,アパート,apartment house,eng,false,false
N5,エアコン,エアコン,air conditioner,eng,false,false
N5,カップ,カップ,cup,eng,false,false
N5,カメラ,カメラ,camera,eng,false,false
N5,カレー,カレー,curry,eng,false,false
N5,ギター,ギター,guitar,eng,false,false
N5,クラス,クラス,class,eng,false,false
N5,ケーキ,ケーキ,cake,eng,false,false
N5,コート,コート,coat,eng,false,false
N5,コーヒー,コーヒー,coffee,eng,false,false
N5,コップ,コップ,kop,dut,false,false
N5,コピー,コピー,copy,eng,false,false
N5,サッカー,サッカー,soccer,eng,false,false
N5,シャツ,シャツ,shirt,eng,false,false
N5,シャワー,シャワー,shower,eng,false,false
N5,ジュース,ジュース,juice,eng,false,false
N5,スカート,スカート,skirt,eng,false,false
N5,スキー,スキー,ski,eng,false,false
N5,ストーブ,ストーブ,stove,eng,false,false
N5,スポーツ,スポーツ,sport,eng,false,false
N5,ズボン,ズボン,jupon,fre,false,false
N5,セーター,セーター,sweater,eng,false,false
N5,タクシー,タクシー,taxi,eng,false,false
N5,ダンス,ダンス,dance,eng,false,false
N5,チケット,チケット,ticket,eng,false,false
N5,チョコレート,チョコレート,chocolate,eng,false,false
N5,テーブル,テーブル,table,eng,false,false
N5,テキスト,テキスト,text,eng,false,false
N5,テスト,テスト,test,eng,false,false
N5,デパート,デパート,department store,eng,false,false
N5,テレビ,テレビ,television,eng,false,false
N5,ドア,ドア,door,eng,false,false
N5,トイレ,トイレ,toilet,eng,false,false
N5,ナイフ,ナイフ,knife,eng,false,false
N5,ニュース,ニュース,news,eng,false,false
N5,ノート,ノート,note,eng,false,false
N5,パーティー,パーティー,party,eng,false,false
N5,バス,バス,bus,eng,false,false
N5,バナナ,バナナ,banana,eng,false,false
N5,パン,パン,pão,por,false,false
N5,プール,プール,pool,eng,false,false
N5,ページ,ページ,page,eng,false,false
N5,ベッド,ベッド,bed,eng,false,false
N5,ペン,ペン,pen,eng,false,false
N5,ボールペン,ボールペン,ball pen,eng,true,false
N5,ホテル,ホテル,hotel,eng,false,false
N5,メートル,メートル,metre,eng,false,false
N5,メール,メール,mail,eng,false,false
N5,ラーメン,ラーメン,lāmiàn,chi,false,false
N5,ラジオ,ラジオ,radio,eng,false,false
N5,レストラン,レストラン,restaurant,fre,false,false
N5,ワイシャツ,ワイシャツ,white shirt,eng,false,false
N5,クッキー,クッキー,cookie,eng,false,false
N5,テニス,テニス,tennis,eng,false,false
N5,バスケットボール,バスケットボール,basketball,eng,false,false
N5,ビル,ビル,building,eng,false,false
N5,プレゼント,プレゼント,present,eng,false,false
N5,ボール,ボール,ball,eng,false,false
N5,エレベーター,エレベーター,elevator,eng,false,false
N5,ソファー,ソファー,sofa,eng,false,false
N5,ピザ,ピザ,pizza,ita,false,false
N5,メモ,メモ,memo,eng,false,false
N5,リボン,リボン,ribbon,eng,false,false
N5,スーパー,スーパー,super,eng,false,false
N4,アイスクリーム,アイスクリーム,ice cream,eng,false,false
N4,インターネット,インターネット,internet,eng,false,false
N4,コンビニ,コンビニ,convenience store,eng,false,false
N4,スリッパ,スリッパ,slipper,eng,false,false
N4,ゼロ,ゼロ,zero,eng,false,false
N4,センチ,センチ,centimètre,fre,false,false
N4,タバコ,タバコ,tabaco,por,false,false
N4,チーズ,チーズ,cheese,eng,false,false
N4,天ぷら,てんぷら,tempero,por,false,false
N4,ネクタイ,ネクタイ,necktie,eng,false,false
N4,ハンカチ,ハンカチ,handkerchief,eng,false,false
N4,ポスト,ポスト,post,eng,false,false
N4,ボタン,ボタン,button,eng,false,false
N4,ミルク,ミルク,milk,eng,false,false
N4,ヨーロッパ,ヨーロッパ,Europa,por,false,false
N4,アナウンサー,アナウンサー,announcer,eng,false,false
N4,アルバイト,アルバイト,Arbeit,ger,false,false
N4,オートバイ,オートバイ,auto+bicycle,eng,true,false
N4,オフィス,オフィス,office,eng,false,false
N4,カード,カード,card,eng,false,false
N4,ガム,ガム,gum,eng,false,false
N4,クラブ,クラブ,club,eng,false,false
N4,ゲーム,ゲーム,game,eng,false,false
N4,コンサート,コンサート,concert,eng,false,false
N4,コンピューター,コンピューター,computer,eng,false,false
N4,サラダ,サラダ,salad,eng,false,false
N4,ジャム,ジャム,jam,eng,false,false
N4,スーツ,スーツ,suit,eng,false,false
N4,スーツケース,スーツケース,suitcase,eng,false,false
N4,スーパーマーケット,スーパーマーケット,supermarket,eng,false,false
N4,チェック,チェック,check,eng,false,false
N4,トマト,トマト,tomato,eng,false,false
N4,パソコン,パソコン,personal computer,eng,false,false
N4,ハンバーグ,ハンバーグ,hamburg steak,eng,false,false
N4,ピアノ,ピアノ,piano,eng,false,false
N4,ビデオ,ビデオ,video,eng,false,false
N4,メニュー,メニュー,menu,eng,false,false
N4,メロン,メロン,melon,eng,false,false
N4,レジ,レジ,register,eng,false,false
N4,エスカレーター,エスカレーター,escalator,eng,false,false
N4,グループ,グループ,group,eng,false,false
N4,クレジットカード,クレジットカード,credit card,eng,false,false
N4,サービス,サービス,service,eng,false,false
N4,サイン,サイン,sign,eng,false,false
N4,シーズン,シーズン,season,eng,false,false
N4,ジョギング,ジョギング,jogging,eng,false,false
N4,スイッチ,スイッチ,switch,eng,false,false
N4,ソース,ソース,sauce,eng,false,false
N4,タオル,タオル,towel,eng,false,false
N4,チャンス,チャンス,chance,eng,false,false
N4,デート,デート,date,eng,false,false
N4,ドライブ,ドライブ,drive,eng,false,false
N4,ネックレス,ネックレス,necklace,eng,false,false
N4,ペット,ペット,pet,eng,false,false
N4,ホーム,ホーム,home / platform,eng,false,false
N4,ホームページ,ホームページ,homepage,eng,false,false
N4,ポスター,ポスター,poster,eng,false,false
N4,マナー,マナー,manner,eng,false,false
N4,ルール,ルール,rule,eng,false,false
N4,レベル,レベル,level,eng,false,false
N4,ロボット,ロボット,robot,eng,false,false
N4,アイデア,アイデア,idea,eng,false,false
N4,チップ,チップ,tip,eng,false,false
N4,パンツ,パンツ,pants,eng,false,false
N4,マーケット,マーケット,market,eng,false,false
N4,レインコート,レインコート,raincoat,eng,false,false
N4,オープン,オープン,open,eng,false,false
N4,パトカー,パトカー,patrol car,eng,false,false
N4,エンジニア,エンジニア,engineer,eng,false,false
N4,ファクス,ファクス,fax,eng,false,false
N3,キログラム,キログラム,kilogram,eng,false,false
N3,キロメートル,キロメートル,kilomètre,fre,false,false
N3,アメリカ,アメリカ,America,eng,false,false
N3,アルバム,アルバム,album,eng,false,false
N3,キロ,キロ,kilo,fre,false,false
N3,コーラ,コーラ,cola,eng,false,false
N3,ゴルフ,ゴルフ,golf,eng,false,false
N3,ショッピング,ショッピング,shopping,eng,false,false
N3,スープ,スープ,soup,eng,false,false
N3,スプーン,スプーン,spoon,eng,false,false
N3,チーム,チーム,team,eng,false,false
N3,テープ,テープ,tape,eng,false,false
N3,ドリンク,ドリンク,drink,eng,false,false
N3,バイク,バイク,bike,eng,false,false
N3,フォーク,フォーク,fork,eng,false,false
N3,ポケット,ポケット,pocket,eng,false,false
N3,ポテト,ポテト,potato,eng,false,false
N3,マンション,マンション,mansion,eng,false,false
N3,メールアドレス,メールアドレス,mail address,eng,false,false
N3,ラジカセ,ラジカセ,radio+cassette,eng,true,false
N3,アジア,アジア,Asia,eng,false,false
N3,アドレス,アドレス,address,eng,false,false
N3,アニメ,アニメ,animation,eng,false,false
N3,イタリア,イタリア,Italia,por,false,false
N3,インド,インド,India,eng,false,false
N3,エネルギー,エネルギー,Energie,ger,false,false
N3,エンジン,エンジン,engine,eng,false,false
N3,オリンピック,オリンピック,Olympic,eng,false,false
N3,オレンジ,オレンジ,orange,eng,false,false
N3,カーテン,カーテン,curtain,eng,false,false
N3,ガス,ガス,gas,dut,false,false
N3,ガソリン,ガソリン,gasoline,eng,false,false
N3,ガソリンスタンド,ガソリンスタンド,gasoline+stand,eng,true,false
N3,ガラス,ガラス,glas,dut,false,false
N3,キッチン,キッチン,kitchen,eng,false,false
N3,グラス,グラス,glass,eng,false,false
N3,クラスメート,クラスメート,classmate,eng,false,false
N3,サイズ,サイズ,size,eng,false,false
N3,サンダル,サンダル,sandal,eng,false,false
N3,ステーキ,ステーキ,steak,eng,false,false
N3,ストレス,ストレス,stress,eng,false,false
N3,センター,センター,center,eng,false,false
N3,ダイエット,ダイエット,diet,eng,false,false
N3,タイプ,タイプ,type,eng,false,false
N3,チェックイン,チェックイン,checkin,eng,false,false
N3,ドイツ,ドイツ,Deutschland,ger,false,false
N3,パスポート,パスポート,passport,eng,false,false
N3,バター,バター,butter,eng,false,false
N3,バッグ,バッグ,bag,eng,false,false
N3,パンダ,パンダ,panda,eng,false,false
N3,ピンク,ピンク,pink,eng,false,false
N3,レポート,レポート,report,eng,false,false
N3,レモン,レモン,lemon,eng,false,false
N3,ワイン,ワイン,wine,eng,false,false
N3,アドバイス,アドバイス,advice,eng,false,false
N3,アナウンス,アナウンス,announce,eng,false,false
N3,イメージ,イメージ,image,eng,false,false
N3,インク,インク,ink,eng,false,false
N3,インタビュー,インタビュー,interview,eng,false,false
N3,エプロン,エプロン,apron,eng,false,false
N3,オーバー,オーバー,over,eng,false,false
N3,カーブ,カーブ,curve,eng,false,false
N3,ガイド,ガイド,guide,eng,false,false
N3,カセットテープ,カセットテープ,cassette tape,eng,false,false
N3,カタログ,カタログ,catalog,eng,false,false
N3,カット,カット,cut,eng,false,false
N3,カバー,カバー,cover,eng,false,false
N3,カメラマン,カメラマン,cameraman,eng,false,false
N3,カロリー,カロリー,calorie,eng,false,false
N3,キーボード,キーボード,keyboard,eng,false,false
N3,キャベツ,キャベツ,cabbage,eng,false,false
N3,キャンセル,キャンセル,cancel,eng,false,false
N3,グラウンド,グラウンド,ground,eng,false,false
N3,クラシック,クラシック,classic,eng,false,false
N3,グラフ,グラフ,graph,eng,false,false
N3,クリーニング,クリーニング,cleaning,eng,false,false
N3,ケース,ケース,case,eng,false,false
N3,コイン,コイン,coin,eng,false,false
N3,コース,コース,course,eng,false,false
N3,ゴール,ゴール,goal,eng,false,false
N3,コマーシャル,コマーシャル,commercial,eng,false,false
N3,サラリーマン,サラリーマン,salary+man・salaried man,eng,true,false
N3,サングラス,サングラス,sunglasses,eng,false,false
N3,サンプル,サンプル,sample,eng,false,false
N3,シーツ,シーツ,sheet,eng,false,false
N3,ジーンズ,ジーンズ,jeans,eng,false,false
N3,スタート,スタート,start,eng,false,false
N3,ストップ,ストップ,stop,eng,false,false
N3,スピーチ,スピーチ,speech,eng,false,false
N3,スピード,スピード,speed,eng,false,false
N3,セール,セール,sale,eng,false,false
N3,セット,セット,set,eng,false,false
N3,テーマ,テーマ,thema,ger,false,false
N3,デザイン,デザイン,design,eng,false,false
N3,デジタル,デジタル,digital,eng,false,false
N3,トラック,トラック,truck,eng,false,false
N3,ドラマ,ドラマ,drama,eng,false,false
N3,ドル,ドル,dollar,eng,false,false
N3,ノック,ノック,knock,eng,false,false
N3,パーセント,パーセント,percent,eng,false,false
N3,バイオリン,バイオリン,violin,eng,false,false
N3,バケツ,バケツ,bucket,eng,false,false
N3,ハンドル,ハンドル,handle,eng,false,false
N3,パンフレット,パンフレット,pamphlet,eng,false,false
N3,ビジネス,ビジネス,business,eng,false,false
N3,ビタミン,ビタミン,vitamin,eng,false,false
N3,ビデオカメラ,ビデオカメラ,video camera,eng,false,false
N3,ファッション,ファッション,fashion,eng,false,false
N3,ファン,ファン,fan,eng,false,false
N3,フライパン,フライパン,frypan,eng,false,false
N3,ブラシ,ブラシ,brush,eng,false,false
N3,プラス,プラス,plus,eng,false,false
N3,プラスチック,プラスチック,plastic,eng,false,false
N3,フランス,フランス,France,eng,false,false
N3,プリント,プリント,print,eng,false,false
N3,ブレーキ,ブレーキ,brake,eng,false,false
N3,プログラム,プログラム,program,eng,false,false
N3,ベランダ,ベランダ,veranda,eng,false,false
N3,マーク,マーク,mark,eng,false,false
N3,マフラー,マフラー,muffler,eng,false,false
N3,ママ,ママ,mamma・mama,eng,false,false
N3,メンバー,メンバー,member,eng,false,false
N3,ユーモア,ユーモア,humor,eng,false,false
N3,ラッシュアワー,ラッシュアワー,rush hour,eng,false,false
N3,ランチ,ランチ,lunch,eng,false,false
N3,リサイクル,リサイクル,recycle,eng,false,false
N3,リスト,リスト,list,eng,false,false
N3,ロッカー,ロッカー,locker,eng,false,false
N3,ロビー,ロビー,lobby,eng,false,false
N3,ワンピース,ワンピース,one-piece,eng,false,false
N3,オーダー,オーダー,order,eng,false,false
N3,カフェ,カフェ,café,fre,false,false
N3,クリーム,クリーム,cream,eng,false,false
N3,サークル,サークル,circle,eng,false,false
N3,スケジュール,スケジュール,schedule,eng,false,false
N3,ドレッシング,ドレッシング,dressing,eng,false,false
N3,ピーマン,ピーマン,piment,fre,false,false
N3,ヒント,ヒント,hint,eng,false,false
N3,ベンチ,ベンチ,bench,eng,false,false
N3,ホームステイ,ホームステイ,homestay,eng,false,false
N3,マラソン,マラソン,marathon,eng,false,false
N3,レシート,レシート,receipt,eng,false,false
N3,レシピ,レシピ,recipe,eng,false,false
N3,プロ,プロ,professional,eng,false,false
N3,アレルギー,アレルギー,allergie,ger,false,false
N3,ガイドブック,ガイドブック,guidebook,eng,false,false
N3,カルチャー,カルチャー,culture,eng,false,false
N3,クイズ,クイズ,quiz,eng,false,false
N3,グランド,グランド,grand,eng,false,false
N3,コーナー,コーナー,corner,eng,false,false
N3,コミュニケーション,コミュニケーション,communication,eng,false,false
N3,ゴム,ゴム,gom,dut,false,false
N3,スタンド,スタンド,stand,eng,false,false
N3,スピーカー,スピーカー,speaker,eng,false,false
N3,チャレンジ,チャレンジ,challenge,eng,false,false
N3,トレーニング,トレーニング,training,eng,false,false
N3,ハイキング,ハイキング,hiking,eng,false,false
N3,バレエ,バレエ,ballet,fre,false,false
N3,ヒーター,ヒーター,heater,eng,false,false
N3,ピクニック,ピクニック,picnic,eng,false,false
N3,ファスナー,ファスナー,fastener,eng,false,false
N3,ブーツ,ブーツ,boots,eng,false,false
N3,ペットボトル,ペットボトル,PET bottle,eng,false,false
N3,ペンキ,ペンキ,pek,dut,false,false
N3,マイク,マイク,microphone,eng,false,false
N3,ラケット,ラケット,racket,eng,false,false
N3,レンズ,レンズ,lens,eng,false,false
N3,ロケット,ロケット,rocket,eng,false,false
N3,アンケート,アンケート,enquete,fre,false,false
N3,タイトル,タイトル,title,eng,false,false
N3,データ,データ,data,eng,false,false
N3,ラッシュ,ラッシュ,rush,eng,false,false
N3,リーダー,リーダー,leader,eng,false,false
N3,アイドル,アイドル,idol,eng,false,false
N3,アップ,アップ,up,eng,false,false
N3,ウイルス,ウイルス,virus,lat,false,false
N3,オリエンテーション,オリエンテーション,orientation,eng,false,false
N3,ジャズ,ジャズ,jazz,eng,false,false
N3,チェンジ,チェンジ,change,eng,false,false
N3,デザート,デザート,dessert,eng,false,false
N3,フロント,フロント,front,eng,false,false
N3,ベスト,ベスト,best,eng,false,false
N3,メッセージ,メッセージ,message,eng,false,false
N3,レッスン,レッスン,lesson,eng,false,false
N3,レンジ,レンジ,range,eng,false,false
N3,ロープ,ロープ,rope,eng,false,false
N3,アクセス,アクセス,access,eng,false,false
N3,インフォメーション,インフォメーション,information,eng,false,false
N3,カウンセラー,カウンセラー,counselor,eng,false,false
N3,サイト,サイト,site,eng,false,false
N3,ダビング,ダビング,dubbing,eng,false,false
N3,パパ,パパ,papa,eng,false,false
N3,ビジネスマン,ビジネスマン,businessman,eng,false,false
N3,プレー,プレー,play,eng,false,false
N3,プレーヤー,プレーヤー,player,eng,false,false
N3,ホスト,ホスト,host,eng,false,false
N3,ミリ,ミリ,milli,fre,false,false
N3,ルーム,ルーム,room,eng,false,false
N3,チャーハン,チャーハン,chǎofàn,chi,false,false
N3,アイス,アイス,ice,eng,false,false
N3,マット,マット,mat,eng,false,false
N3,カウンセリング,カウンセリング,counseling,eng,false,false
N3,リュックサック,リュックサック,Rucksack,ger,false,false
N3,リビング,リビング,living,eng,false,false
N3,ロック,ロック,lock / rock,eng,false,false
N3,ジャケット,ジャケット,jacket,eng,false,false
N3,ストーリー,ストーリー,story,eng,false,false
N3,ライオン,ライオン,lion,eng,false,false
N3,ドーナツ,ドーナツ,doughnut,eng,false,false
N3,トースト,トースト,toast,eng,false,false
N3,ソーセージ,ソーセージ,sausage,eng,false,false
N3,フライ,フライ,fry,eng,false,false
N3,レタス,レタス,lettuce,eng,false,false
N3,クリップ,クリップ,clip,eng,false,false
N3,スパゲッティ,スパゲッティ,spaghetti,ita,false,false
N3,シャーベット,シャーベット,sherbet,eng,false,false
N3,ブック,ブック,book,eng,false,false
N3,サイクリング,サイクリング,cycling,eng,false,false
N3,ホチキス,ホチキス,Hotchkiss,eng,false,false
N2,クリスマス,クリスマス,Christmas・Xmas,eng,false,false
N2,ノートパソコン,ノートパソコン,notebook personal computer,eng,false,false
N2,ビール,ビール,bier,dut,false,false
N2,アフリカ,アフリカ,Africa,eng,false,false
N2,カレーライス,カレーライス,curry rice,eng,false,false
N2,スクリーン,スクリーン,screen,eng,false,false
N2,ソフト,ソフト,soft,eng,false,false
N2,テニスコート,テニスコート,tennis court,eng,false,false
N2,トンネル,トンネル,tunnel,eng,false,false
N2,バレーボール,バレーボール,volleyball,eng,false,false
N2,ハンバーガー,ハンバーガー,hamburger,eng,false,false
N2,フルーツ,フルーツ,fruit,eng,false,false
N2,リットル,リットル,litre,fre,false,false
N2,アクション,アクション,action,eng,false,false
N2,アクセサリー,アクセサリー,accessory,eng,false,false
N2,インフルエンザ,インフルエンザ,influenza,eng,false,false
N2,オフ,オフ,off,eng,false,false
N2,カラー,カラー,color,eng,false,false
N2,キャンパス,キャンパス,campus,eng,false,false
N2,キャンプ,キャンプ,camp,eng,false,false
N2,コーチ,コーチ,coach,eng,false,false
N2,コスト,コスト,cost,eng,false,false
N2,コンテスト,コンテスト,contest,eng,false,false
N2,シャッター,シャッター,shutter,eng,false,false
N2,ショー,ショー,show,eng,false,false
N2,ショップ,ショップ,shop,eng,false,false
N2,シリーズ,シリーズ,series,eng,false,false
N2,スクール,スクール,school,eng,false,false
N2,スケート,スケート,skate,eng,false,false
N2,スタイル,スタイル,style,eng,false,false
N2,ステーション,ステーション,station,eng,false,false
N2,タイヤ,タイヤ,tire,eng,false,false
N2,ダウンロード,ダウンロード,download,eng,false,false
N2,ツアー,ツアー,tour,eng,false,false
N2,デザイナー,デザイナー,designer,eng,false,false
N2,テンポ,テンポ,tempo,ita,false,false
N2,トップ,トップ,top,eng,false,false
N2,ドレス,ドレス,dress,eng,false,false
N2,ネット,ネット,net,eng,false,false
N2,パターン,パターン,pattern,eng,false,false
N2,バランス,バランス,balance,eng,false,false
N2,ファイル,ファイル,file,eng,false,false
N2,プラン,プラン,plan,eng,false,false
N2,フリー,フリー,free,eng,false,false
N2,ホール,ホール,hall,eng,false,false
N2,ポット,ポット,pot,eng,false,false
N2,マイナス,マイナス,minus,eng,false,false
N2,マスク,マスク,mask,eng,false,false
N2,ミーティング,ミーティング,meeting,eng,false,false
N2,ミス,ミス,miss / Miss,eng,false,false
N2,メディア,メディア,media,eng,false,false
N2,モデル,モデル,model,eng,false,false
N2,ライス,ライス,rice,eng,false,false
N2,ライト,ライト,light,eng,false,false
N2,ラップ,ラップ,wrap,eng,false,false
N2,イベント,イベント,event,eng,false,false
N2,ガード,ガード,guard,eng,false,false
N2,カップル,カップル,couple,eng,false,false
N2,シンプル,シンプル,simple,eng,false,false
N2,スタッフ,スタッフ,staff,eng,false,false
N2,タイム,タイム,time,eng,false,false
N2,ティッシュ,ティッシュ,tissue,eng,false,false
N2,バーベキュー,バーベキュー,barbecue,eng,false,false
N2,パワー,パワー,power,eng,false,false
N2,ハワイ,ハワイ,Hawaii,eng,false,false
N2,ミステリー,ミステリー,mystery,eng,false,false
N2,ライフ,ライフ,life,eng,false,false
N2,レポーター,レポーター,reporter,eng,false,false
N2,スムーズ,スムーズ,smooth,eng,false,false
N2,ユニーク,ユニーク,unique,eng,false,false
N2,アイロン,アイロン,iron,eng,false,false
N2,アウト,アウト,out,eng,false,false
N2,アンテナ,アンテナ,antenna,eng,false,false
N2,インストール,インストール,install,eng,false,false
N2,オイル,オイル,oil,eng,false,false
N2,オーケストラ,オーケストラ,orchestra,eng,false,false
N2,カリキュラム,カリキュラム,curriculum,eng,false,false
N2,カルシウム,カルシウム,calcium,eng,false,false
N2,キャプテン,キャプテン,captain,eng,false,false
N2,クリア,クリア,clear,eng,false,false
N2,コーラス,コーラス,chorus,eng,false,false
N2,コック,コック,kok,dut,false,false
N2,コレクション,コレクション,collection,eng,false,false
N2,コンセント,コンセント,concentric plug,eng,true,false
N2,シール,シール,seal,eng,false,false
N2,システム,システム,system,eng,false,false
N2,ステージ,ステージ,stage,eng,false,false
N2,ダム,ダム,dam,eng,false,false
N2,テクニック,テクニック,technic,eng,false,false
N2,パジャマ,パジャマ,pajamas,eng,false,false
N2,ビニール,ビニール,vinyl,eng,false,false
N2,ブーム,ブーム,boom,eng,false,false
N2,フレッシュ,フレッシュ,fresh,eng,false,false
N2,プロジェクター,プロジェクター,projector,eng,false,false
N2,ベテラン,ベテラン,veteran,eng,false,false
N2,ヘリコプター,ヘリコプター,helicopter,eng,false,false
N2,ボランティア,ボランティア,volunteer,eng,false,false
N2,マイペース,マイペース,my+pace,eng,true,false
N2,マスコミ,マスコミ,mass communication,eng,false,false
N2,ライバル,ライバル,rival,eng,false,false
N2,ラベル,ラベル,label,eng,false,false
N2,ランニング,ランニング,running,eng,false,false
N2,リズム,リズム,rhythm,eng,false,false
N2,リラックス,リラックス,relax,eng,false,false
N2,レクリエーション,レクリエーション,recreation,eng,false,false
N2,アピール,アピール,appeal,eng,false,false
N2,アポイントメント,アポイントメント,appointment,eng,false,false
N2,アマチュア,アマチュア,amateur,eng,false,false
N2,オリジナル,オリジナル,original,eng,false,false
N2,オルガン,オルガン,organ,eng,false,false
N2,キャッチボール,キャッチボール,catch ball,eng,true,false
N2,コンテンツ,コンテンツ,contents,eng,false,false
N2,ジャンル,ジャンル,genre,fre,false,false
N2,トラブル,トラブル,trouble,eng,false,false
N2,ニーズ,ニーズ,needs,eng,false,false
N2,フリーマーケット,フリーマーケット,flea market,eng,false,false
N2,ボトル,ボトル,bottle,eng,false,false
N2,マニュアル,マニュアル,manual,eng,false,false
N2,メリット,メリット,merit,eng,false,false
N2,レンタル,レンタル,rental,eng,false,false
N2,アクセル,アクセル,accelerator,eng,false,false
N2,アプローチ,アプローチ,approach,eng,false,false
N2,アレンジ,アレンジ,arrange,eng,false,false
N2,インパクト,インパクト,impact,eng,false,false
N2,オンライン,オンライン,online,eng,false,false
N2,キャッチ,キャッチ,catch,eng,false,false
N2,ゲスト,ゲスト,guest,eng,false,false
N2,コメント,コメント,comment,eng,false,false
N2,コラム,コラム,column,eng,false,false
N2,コントロール,コントロール,control,eng,false,false
N2,シート,シート,seat,eng,false,false
N2,シーン,シーン,scene,eng,false,false
N2,ショック,ショック,shock,eng,false,false
N2,シンポジウム,シンポジウム,symposium,eng,false,false
N2,ストライキ,ストライキ,strike,eng,false,false
N2,スペース,スペース,space,eng,false,false
N2,セールス,セールス,sales,eng,false,false
N2,センス,センス,sense,eng,false,false
N2,タイマー,タイマー,timer,eng,false,false
N2,タイミング,タイミング,timing,eng,false,false
N2,ダウン,ダウン,down,eng,false,false
N2,タレント,タレント,talent,eng,false,false
N2,ナイター,ナイター,night+er,eng,true,false
N2,ナンセンス,ナンセンス,nonsense,eng,false,false
N2,パンク,パンク,puncture,eng,false,false
N2,フォーム,フォーム,form,eng,false,false
N2,プライバシー,プライバシー,privacy,eng,false,false
N2,ペース,ペース,pace,eng,false,false
N2,ベストセラー,ベストセラー,best seller,eng,false,false
N2,ポイント,ポイント,point,eng,false,false
N2,メーカー,メーカー,maker,eng,false,false
N2,メダル,メダル,medal,eng,false,false
N2,レース,レース,race,eng,false,false
N2,アルファ,アルファ,alpha,eng,false,false
N2,アルファベット,アルファベット,alphabet,eng,false,false
N2,イラスト,イラスト,illustration,eng,false,false
N2,エコ,エコ,eco,eng,false,false
N2,ギャップ,ギャップ,gap,eng,false,false
N2,コネ,コネ,connection,eng,false,false
N2,コンクール,コンクール,concours,fre,false,false
N2,コンプレックス,コンプレックス,complex,eng,false,false
N2,サポート,サポート,support,eng,false,false
N2,ショーウインドー,ショーウインドー,show window,eng,true,false
N2,セロテープ,セロテープ,cellotape,eng,false,false
N2,チャージ,チャージ,charge,eng,false,false
N2,チンパンジー,チンパンジー,chimpanzee,eng,false,false
N2,デメリット,デメリット,demerit,eng,false,false
N2,トータル,トータル,total,eng,false,false
N2,ノルマ,ノルマ,norma,rus,false,false
N2,ハードル,ハードル,hurdle,eng,false,false
N2,ピーク,ピーク,peak,eng,false,false
N2,ビジョン,ビジョン,vision,eng,false,false
N2,ブランド,ブランド,brand,eng,false,false
N2,プレゼンテーション,プレゼンテーション,presentation,eng,false,false
N2,プレッシャー,プレッシャー,pressure,eng,false,false
N2,ヘアスタイル,ヘアスタイル,hairstyle,eng,false,false
N2,ライフスタイル,ライフスタイル,lifestyle,eng,false,false
N2,リクエスト,リクエスト,request,eng,false,false
N2,レール,レール,rail,eng,false,false
N2,ステップ,ステップ,step,eng,false,false
N2,フロア,フロア,floor,eng,false,false
N2,ゴリラ,ゴリラ,gorilla,eng,false,false
N2,モチベーション,モチベーション,motivation,eng,false,false
N2,ダメージ,ダメージ,damage,eng,false,false
N2,カウンター,カウンター,counter,eng,false,false
N2,ターゲット,ターゲット,target,eng,false,false
N2,プライベート,プライベート,private,eng,false,false
N2,ボス,ボス,boss,eng,false,false
N2,シフト,シフト,shift,eng,false,false
N2,リアル,リアル,real,eng,false,false
N2,マネージャー,マネージャー,manager,eng,false,false
N2,グッズ,グッズ,goods,eng,false,false
N2,パネル,パネル,panel,eng,false,false
N2,フェア,フェア,fair,eng,false,false
N2,スタンプ,スタンプ,stamp,eng,false,false
N2,リハーサル,リハーサル,rehearsal,eng,false,false
N2,グルメ,グルメ,gourment,fre,false,false
N2,ダイナミック,ダイナミック,dynamic,eng,false,false
N2,インプット,インプット,input,eng,false,false
N2,リフォーム,リフォーム,reform,eng,false,false
N2,ドキュメンタリー,ドキュメンタリー,documentary,eng,false,false
N2,クレヨン,クレヨン,crayon,fre,false,false
N2,リアリティー,リアリティー,reality,eng,false,false
N2,インストラクター,インストラクター,instructor,eng,false,false
N2,ガーデニング,ガーデニング,gardening,eng,false,false
N2,エコノミー,エコノミー,economy,eng,false,false
N2,クッション,クッション,cushion,eng,false,false
N2,パスタ,パスタ,pasta,ita,false,false
N2,ペンダント,ペンダント,pendant,eng,false,false
N2,ニューヨーク,ニューヨーク,New York,eng,false,false
N2,ピアス,ピアス,pierced earrings,eng,false,false
N2,ボックス,ボックス,box,eng,false,false
N2,スニーカー,スニーカー,sneakers,eng,false,false
N2,コロッケ,コロッケ,croquette,fre,false,false
N2,ペンギン,ペンギン,penguin,eng,false,false
N2,データベース,データベース,database,eng,false,false
N2,ホット,ホット,hot,eng,false,false
N2,ライトアップ,ライトアップ,light up,eng,false,false
N2,シャトル,シャトル,shuttle,eng,false,false
N2,パイナップル,パイナップル,pineapple,eng,false,false
N2,シグナル,シグナル,signal,eng,false,false
N2,インターン,インターン,intern,eng,false,false
N2,アウトプット,アウトプット,output,eng,false,false
N2,コンドル,コンドル,condor,eng,false,false
N2,プロセス,プロセス,process,eng,false,false
N2,アーティスト,アーティスト,artist,eng,false,false
N2,エレメント,エレメント,element,eng,false,false
N2,オーラ,オーラ,aura,eng,false,false
N2,クラッシュ,クラッシュ,crash,eng,false,false
N2,シュレッダー,シュレッダー,shredder,eng,false,false
N2,スマホ,スマホ,smartphone,eng,false,false
N2,タブレット,タブレット,tablet,eng,false,false
N2,ニッチ,ニッチ,niche,eng,false,false
N2,ファクター,ファクター,factor,eng,false,false
N2,ワイパー,ワイパー,wiper,eng,false,false
N1,イギリス,イギリス,inglez,por,false,false
N1,オーストラリア,オーストラリア,Australia,eng,false,false
N1,レコード,レコード,record,eng,false,false
N1,グレー,グレー,gray,eng,false,false
N1,ゲート,ゲート,gate,eng,false,false
N1,サンドイッチ,サンドイッチ,sandwich,eng,false,false
N1,テント,テント,tent,eng,false,false
N1,ボーイフレンド,ボーイフレンド,boyfriend,eng,false,false
N1,イコール,イコール,equal,eng,false,false
N1,イヤリング,イヤリング,earring,eng,false,false
N1,スマート,スマート,smart,eng,false,false
N1,ゼミナール,ゼミナール,seminar,ger,false,false
N1,ダブル,ダブル,double,eng,false,false
N1,チャイム,チャイム,chime,eng,false,false
N1,ドライヤー,ドライヤー,dryer,eng,false,false
N1,パック,パック,pack,eng,false,false
N1,ボーナス,ボーナス,bonus,eng,false,false
N1,ウィンドー,ウィンドー,window,eng,false,false
N1,サイエンス,サイエンス,science,eng,false,false
N1,バンド,バンド,band,eng,false,false
N1,ブラウス,ブラウス,blouse,eng,false,false
N1,ベビーカー,ベビーカー,baby car,eng,true,false
N1,クレーム,クレーム,claim,eng,false,false
N1,ケア,ケア,care,eng,false,false
N1,コンクリート,コンクリート,concrete,eng,false,false
N1,シンボル,シンボル,symbol,eng,false,false
N1,スライド,スライド,slide,eng,false,false
N1,ナース,ナース,nurse,eng,false,false
N1,ネットワーク,ネットワーク,Network,eng,false,false
N1,パーソナル,パーソナル,personal,eng,false,false
N1,パフォーマンス,パフォーマンス,performance,eng,false,false
N1,フリーター,フリーター,free+Arbeiter,eng,true,false
N1,マスター,マスター,master,eng,false,false
N1,マッサージ,マッサージ,massage,eng,false,false
N1,モーター,モーター,motor,eng,false,false
N1,モダン,モダン,modern,eng,false,false
N1,ヨット,ヨット,yacht,eng,false,false
N1,ランダム,ランダム,random,eng,false,false
N1,リスク,リスク,risk,eng,false,false
N1,リストラ,リストラ,restructuring,eng,false,false
N1,レジャー,レジャー,leisure,eng,false,false
N1,ローン,ローン,loan,eng,false,false
N1,オークション,オークション,auction,eng,false,false
N1,カーナビ,カーナビ,car navigation system,eng,false,false
N1,スケッチ,スケッチ,sketch,eng,false,false
N1,タブー,タブー,taboo,eng,false,false
N1,トラベル,トラベル,travel,eng,false,false
N1,プロジェクト,プロジェクト,project,eng,false,false
N1,マッチ,マッチ,match,eng,false,false
N1,リーダーシップ,リーダーシップ,leadership,eng,false,false
N1,エレガント,エレガント,elegant,eng,false,false
N1,キーワード,キーワード,key word,eng,false,false
N1,キャラクター,キャラクター,character,eng,false,false
N1,クレーン,クレーン,crane,eng,false,false
N1,コンタクトレンズ,コンタクトレンズ,contact lens,eng,false,false
N1,コントラスト,コントラスト,contrast,eng,false,false
N1,サイクル,サイクル,cycle,eng,false,false
N1,シェア,シェア,share,eng,false,false
N1,シナリオ,シナリオ,scenario,eng,false,false
N1,シビア,シビア,severe,eng,false,false
N1,スキャンダル,スキャンダル,scandal,eng,false,false
N1,スタジオ,スタジオ,studio,eng,false,false
N1,スタミナ,スタミナ,stamina,eng,false,false
N1,スポットライト,スポットライト,spotlight,eng,false,false
N1,ゼリー,ゼリー,jelly,eng,false,false
N1,チームワーク,チームワーク,teamwork,eng,false,false
N1,トーン,トーン,tone,eng,false,false
N1,ドライバー,ドライバー,driver,eng,false,false
N1,ナプキン,ナプキン,napkin,eng,false,false
N1,ニュアンス,ニュアンス,nuance,fre,false,false
N1,ノウハウ,ノウハウ,knowhow,eng,false,false
N1,バッジ,バッジ,badge,eng,false,false
N1,バブル,バブル,bubble,eng,false,false
N1,ハンガー,ハンガー,hanger,eng,false,false
N1,ヒット,ヒット,hit,eng,false,false
N1,フィルター,フィルター,filter,eng,false,false
N1,ペア,ペア,pair,eng,false,false
N1,ポジション,ポジション,position,eng,false,false
N1,メロディー,メロディー,melody,eng,false,false
N1,モニター,モニター,monitor,eng,false,false
N1,ユーザー,ユーザー,user,eng,false,false
N1,ランク,ランク,rank,eng,false,false
N1,ランプ,ランプ,lamp,eng,false,false
N1,リード,リード,lead,eng,false,false
N1,ルーズ,ルーズ,loose,eng,false,false
N1,ルート,ルート,route,eng,false,false
N1,レイアウト,レイアウト,layout,eng,false,false
N1,レバー,レバー,lever,eng,false,false
N1,インスピレーション,インスピレーション,inspiration,eng,false,false
N1,エッセー,エッセー,essay,eng,false,false
N1,エピソード,エピソード,episode,eng,false,false
N1,エリート,エリート,élite,fre,false,false
N1,エントリー,エントリー,entry,eng,false,false
N1,キープ,キープ,keep,eng,false,false
N1,キャリア,キャリア,career,eng,false,false
N1,クーポン,クーポン,coupon,eng,false,false
N1,クール,クール,cool,eng,false,false
N1,グローバル,グローバル,global,eng,false,false
N1,コーディネート,コーディネート,coordinate,eng,false,false
N1,コンマ,コンマ,comma,eng,false,false
N1,サーフィン,サーフィン,surfing,eng,false,false
N1,ジャーナリスト,ジャーナリスト,journalist,eng,false,false
N1,ジャーナリズム,ジャーナリズム,journalism,eng,false,false
N1,ジレンマ,ジレンマ,dilemma,eng,false,false
N1,スクーター,スクーター,scooter,eng,false,false
N1,スケール,スケール,scale,eng,false,false
N1,ステータス,ステータス,status,eng,false,false
N1,ストック,ストック,stock,eng,false,false
N1,スポット,スポット,spot,eng,false,false
N1,スポンサー,スポンサー,sponsor,eng,false,false
N1,スローガン,スローガン,slogan,eng,false,false
N1,セールスマン,セールスマン,salesman,eng,false,false
N1,セルフ,セルフ,self,eng,false,false
N1,ターミナル,ターミナル,terminal,eng,false,false
N1,タフ,タフ,tough,eng,false,false
N1,タンク,タンク,tank,eng,false,false
N1,チャーミング,チャーミング,charming,eng,false,false
N1,デビュー,デビュー,début,fre,false,false
N1,デマ,デマ,Demagogie,ger,false,false
N1,トピック,トピック,topic,eng,false,false
N1,バックアップ,バックアップ,backup,eng,false,false
N1,パッケージ,パッケージ,package,eng,false,false
N1,ピンチ,ピンチ,pinch,eng,false,false
N1,ピント,ピント,brandpunt,dut,false,false
N1,フォロー,フォロー,follow,eng,false,false
N1,ブランク,ブランク,blank,eng,false,false
N1,プログラミング,プログラミング,programming,eng,false,false
N1,ベース,ベース,base,eng,false,false
N1,ホース,ホース,hoos,dut,false,false
N1,ボクシング,ボクシング,boxing,eng,false,false
N1,ミュージカル,ミュージカル,musical,eng,false,false
N1,ミュージシャン,ミュージシャン,musician,eng,false,false
N1,メカニズム,メカニズム,mechanism,eng,false,false
N1,ラグビー,ラグビー,rugby,eng,false,false
N1,リサーチ,リサーチ,research,eng,false,false
N1,リストアップ,リストアップ,list+up,eng,true,false
N1,リハビリ,リハビリ,rehabilitation,eng,false,false
N1,リレー,リレー,relay,eng,false,false
N1,レート,レート,rate,eng,false,false
N1,レギュラー,レギュラー,regular,eng,false,false
N1,ロス,ロス,loss,eng,false,false
N1,リモコン,リモコン,remote+control,eng,true,false
N1,リタイア,リタイア,retire,eng,false,false
N1,ディスカッション,ディスカッション,discussion,eng,false,false
N1,リンク,リンク,link,eng,false,false
N1,ダイビング,ダイビング,diving,eng,false,false
N1,スライス,スライス,slice,eng,false,false
N1,リネン,リネン,linen,eng,false,false
N1,スランプ,スランプ,slump,eng,false,false
N1,ガイドライン,ガイドライン,guideline,eng,false,false
N1,シニア,シニア,senior,eng,false,false
N1,マスメディア,マスメディア,mass media,eng,false,false
N1,アシスタント,アシスタント,assistant,eng,false,false
N1,サバンナ,サバンナ,savanna,eng,false,false
N1,テナント,テナント,tenant,eng,false,false
N1,リセット,リセット,reset,eng,false,false
N1,ウエア,ウエア,wear,eng,false,false
N1,アナログ,アナログ,analog・analogue,eng,false,false
N1,ビッグ,ビッグ,big,eng,false,false
N1,メンテナンス,メンテナンス,maintenance,eng,false,false
N1,エッセンス,エッセンス,essence,eng,false,false
N1,ハイライト,ハイライト,highlight,eng,false,false
N1,アングル,アングル,angle,eng,false,false
N1,ランキング,ランキング,ranking,eng,false,false
N1,キャビネット,キャビネット,cabinet,eng,false,false
N1,コンディション,コンディション,condition,eng,false,false
N1,フラッシュ,フラッシュ,flash,eng,false,false
N1,プラスアルファ,プラスアルファ,plus+alpha,eng,true,false
N1,ボンベ,ボンベ,Bombe,ger,false,false
N1,オアシス,オアシス,oasis,eng,false,false
N1,スコア,スコア,score,eng,false,false
N1,スタンス,スタンス,stance,eng,false,false
N1,デフレ,デフレ,deflation,eng,false,false
N1,コンスタント,コンスタント,constant,eng,false,false
N1,スリル,スリル,thrill,eng,false,false
N1,ナノ,ナノ,nano,eng,false,false
N1,ハム,ハム,ham,eng,false,false
N1,ホワイト,ホワイト,white,eng,false,false
N1,メイン,メイン,main,eng,false,false
N1,コンパクト,コンパクト,compact,eng,false,false
N1,カジュアル,カジュアル,casual,eng,false,false
N1,ライン,ライン,line,eng,false,false
N1,ライブ,ライブ,live,eng,false,false
N1,パンチ,パンチ,punch,eng,false,false
N1,ファンタジー,ファンタジー,fantasy,eng,false,false
N1,ノイズ,ノイズ,noise,eng,false,false
N1,タッチ,タッチ,touch,eng,false,false
N1,センサー,センサー,sensor,eng,false,false
N1,モチーフ,モチーフ,motif,fre,false,false
N1,シェフ,シェフ,chef,fre,false,false
N1,ギャラリー,ギャラリー,gallery,eng,false,false
N1,カラフル,カラフル,colorful,eng,false,false
N1,パズル,パズル,puzzle,eng,false,false
N1,スパイス,スパイス,spice,eng,false,false
N1,ジェスチャー,ジェスチャー,gesture,eng,false,false
N1,セーブ,セーブ,save,eng,false,false
N1,キャンバス,キャンバス,canvas,eng,false,false
N1,ミニ,ミニ,mini,eng,false,false
N1,ヘッドライト,ヘッドライト,headlight,eng,false,false
N1,インスタント,インスタント,instant,eng,false,false
N1,エキスパート,エキスパート,expert,eng,false,false
N1,スペア,スペア,spare,eng,false,false
N1,ピッチ,ピッチ,pitch,eng,false,false
N1,キャッチフレーズ,キャッチフレーズ,catchphrase,eng,false,false
N1,サーキット,サーキット,circuit,eng,false,false
N1,ストレート,ストレート,straight,eng,false,false
N1,ヒロイン,ヒロイン,heroine,eng,false,false
N1,アスファルト,アスファルト,asphalt,eng,false,false
N1,ブラック,ブラック,black,eng,false,false
N1,ドクター,ドクター,doctor,eng,false,false
N1,フレーム,フレーム,frame,eng,false,false
N1,レーダー,レーダー,radar,eng,false,false
N1,キャップ,キャップ,cap,eng,false,false
N1,ハウス,ハウス,house,eng,false,false
N1,イントネーション,イントネーション,intonation,eng,false,false
N1,コアラ,コアラ,koala,eng,false,false
N1,デモクラシー,デモクラシー,democracy,eng,false,false
N1,ソフトウエア,ソフトウエア,software,eng,false,false
N1,メタンガス,メタンガス,Methangas,ger,false,false
N1,タンザニア,タンザニア,Tanzania,eng,false,false
N1,ムンバイ,ムンバイ,Mumbai,eng,false,false
N1,デフォルト,デフォルト,default,eng,false,false
N1,ネガティブ,ネガティブ,negative,eng,false,false
N1,マルチタスク,マルチタスク,multitask,eng,false,false
N1,コンセンサス,コンセンサス,consensus,eng,false,false
N1,ウエイト,ウエイト,weight,eng,false,false
N1,ナルシスト,ナルシスト,narcist,eng,false,false
N1,ブログ,ブログ,blog,eng,false,false
N1,イデオロギー,イデオロギー,Ideologie,ger,false,false
N1,イラストレーター,イラストレーター,illustrator,eng,false,false
N1,インセンティブ,インセンティブ,incentive,eng,false,false
N1,クオリア,クオリア,qualia,eng,false,false
N1,コメンテーター,コメンテーター,commentator,eng,false,false
N1,コンプライアンス,コンプライアンス,compliance,eng,false,false
N1,ジェンダー,ジェンダー,gender,eng,false,false
N1,シナジー,シナジー,synergy,eng,false,false
N1,ステレオタイプ,ステレオタイプ,stereotype,eng,false,false
N1,ストール,ストール,stole,eng,false,false
N1,スピーディー,スピーディー,speedy,eng,false,false
N1,ネーミング,ネーミング,naming,eng,false,false
N1,ノスタルジー,ノスタルジー,nostalgie,fre,false,false
N1,ハイエナ,ハイエナ,hyena,eng,false,false
N1,フリーランス,フリーランス,free lance,eng,false,false
N1,ベンチャー,ベンチャー,venture,eng,false,false
N1,メソッド,メソッド,method,eng,false,false
N1,リーグ,リーグ,league,eng,false,false
N1,リピーター,リピーター,repeater,eng,false,false
