expression,reading,meaningChinese,partOfSpeech,exampleJapanese,exampleChinese,jlptLevel,tags
学生,がくせい,学生,名词,私は学生です。,我是学生。,N5,学校;基础
先生,せんせい,老师,名词,先生に質問します。,向老师提问。,N5,学校;人物
水,みず,水,名词,水を飲みます。,喝水。,N5,生活;饮食
食べる,たべる,吃,动词/一段动词,朝ご飯を食べます。,吃早饭。,N5,动作;饮食;活用测试
行く,いく,去,动词/五段动词,学校へ行きます。,去学校。,N5,动作;移动;例外活用
来る,くる,来,动词/カ变动词,友達が家に来ます。,朋友来我家。,N5,动作;例外活用
大きい,おおきい,大的,い形容词,大きいかばんがあります。,有一个大包。,N5,形容词;活用测试
いい,いい,好的,い形容词,これはいい本です。,这是一本好书。,N5,形容词;例外活用
静か,しずか,安静,な形容词,図書館は静かです。,图书馆很安静。,N4,环境;形容词;活用测试
便利,べんり,方便,な形容词,このアプリは便利です。,这个应用很方便。,N4,评价;生活
予定,よてい,计划,名词,明日の予定を確認します。,确认明天的计划。,N4,时间;生活
急ぐ,いそぐ,着急；赶快,动词/五段动词,駅まで急ぎます。,赶去车站。,N4,动作;生活;活用测试
帰る,かえる,回去；回来,动词/五段动词,家に帰ります。,回家。,N4,动作;移动;る结尾五段
説明,せつめい,说明,名词/サ变动词,先生が文法を説明します。,老师说明语法。,N4,学习;抽象;サ变测试
確認,かくにん,确认,名词/サ变动词,予約を確認してください。,请确认预约。,N3,工作;常用;サ变测试
影響,えいきょう,影响,名词/サ变动词,天気は気分に影響します。,天气会影响心情。,N3,抽象;常用
努力,どりょく,努力,名词/サ变动词,毎日の努力が大切です。,每天的努力很重要。,N3,学习;抽象
増える,ふえる,增加,动词/一段动词,新しい単語が増えました。,新单词增加了。,N3,变化;动词;活用测试
減る,へる,减少,动词/五段动词,間違いが少し減りました。,错误稍微减少了。,N3,变化;动词;る结尾五段
ゆっくり,ゆっくり,慢慢地；悠闲地,副词,ゆっくり話してください。,请慢慢说。,N4,副词;纯假名测试
